Workbook

Sheet Read Me
B2: Security Risk Register
B3: Site ALPHA, a fictional regional distribution centre with a 40-truck fleet yard. All data is synthetic.
B5: As-of date | C5: 46296 | D5: Input. Change this to your review date; overdue actions update automatically.
B7: How to use
B8: 1. Add one risk per row on the Risk Register tab. Row R01 is a worked example of the expected format.
B9: 2. Fill only the shaded input cells: description, controls, likelihood, impact, mitigation, owner, due date, status.
B10: 3. Score, rating and reduction columns are formulas. Do not type over them.
B11: 4. The Heat Map and Summary tabs update on their own.
B13: Likelihood scale | D13: Impact scale
B14: 1 Rare | C14: Not expected in the next 3 years | D14: 1 Minimal: No injury; loss under AED 5k; no delay
B15: 2 Unlikely | C15: Could happen once in 3 years | D15: 2 Minor: First aid; loss under AED 50k; delay under 4 h
B16: 3 Possible | C16: Could happen once a year | D16: 3 Moderate: Lost-time injury; loss under AED 250k; delay under 24 h
B17: 4 Likely | C17: Expected several times a year | D17: 4 Major: Serious injury; loss under AED 1m; client penalty
B18: 5 Almost certain | C18: Expected monthly or more | D18: 5 Severe: Fatality; loss over AED 1m; site closure
D19: Loss thresholds are illustrative for this fictional site.
B21: Rating bands (score = likelihood x impact)
B22: Low | C22: 1 to 4 | D22: Accept and monitor
B23: Medium | C23: 5 to 9 | D23: Mitigate within normal planning
B24: High | C24: 10 to 14 | D24: Mitigation plan with an owner and due date
B25: Critical | C25: 15 to 25 | D25: Escalate to management; act immediately

Sheet Risk Register
A1: ID | B1: Category | C1: Risk | D1: Cause | E1: Consequence | F1: Existing controls | G1: Inherent L | H1: Inherent I | I1: Inherent score | J1: Inherent rating | K1: Mitigation action | L1: Owner | M1: Due date | N1: Status | O1: Residual L | P1: Residual I | Q1: Residual score | R1: Residual rating | S1: Reduction | T1: Overdue
A2: R01 | B2: Physical Security | C2: Unauthorized vehicle entry at main gate | D2: Manual paper gate log; no plate recognition | E2: Theft or sabotage inside the yard | F2: Guard at gate; paper visitor log | G2: 4 | H2: 4 | I2: =IF(OR(G2="",H2=""),"",G2*H2) -> 16 | J2: =IF(I2="","",IF(I2>=15,"Critical",IF(I2>=10,"High",IF(I2>=5,"Medium","Low")))) -> Critical | K2: Install ANPR camera with pre-registered vehicle list and barrier interlock | L2: Security Manager | M2: 46341 | N2: In progress | O2: 3 | P2: 4 | Q2: =IF(OR(O2="",P2=""),"",O2*P2) -> 12 | R2: =IF(Q2="","",IF(Q2>=15,"Critical",IF(Q2>=10,"High",IF(Q2>=5,"Medium","Low")))) -> High | S2: =IF(OR(I2="",Q2=""),"",1-Q2/I2) -> 0.25 | T2: =IF(AND(M2<>"",M2<'Read Me'!$C$5,N2<>"Done"),"Yes","")
A3: R02 | B3: Physical Security | C3: Perimeter fence breach on north side | D3: Poor lighting and no camera coverage on north fence | E3: Undetected intrusion and stock theft | F3: Night patrol every 4 hours | G3: 3 | H3: 4 | I3: =IF(OR(G3="",H3=""),"",G3*H3) -> 12 | J3: =IF(I3="","",IF(I3>=15,"Critical",IF(I3>=10,"High",IF(I3>=5,"Medium","Low")))) -> High | K3: Add LED flood lighting and 2 CCTV cameras; patrol every 2 hours | L3: Security Supervisor | M3: 46315 | N3: Open | O3: 2 | P3: 3 | Q3: =IF(OR(O3="",P3=""),"",O3*P3) -> 6 | R3: =IF(Q3="","",IF(Q3>=15,"Critical",IF(Q3>=10,"High",IF(Q3>=5,"Medium","Low")))) -> Medium | S3: =IF(OR(I3="",Q3=""),"",1-Q3/I3) -> 0.5 | T3: =IF(AND(M3<>"",M3<'Read Me'!$C$5,N3<>"Done"),"Yes","")
A4: R03 | B4: Physical Security | C4: CCTV blind spots at loading docks 4-6 | D4: Camera layout not updated after dock extension | E4: Loading incidents and theft cannot be investigated | F4: Fixed cameras at docks 1-3 only | G4: 4 | H4: 3 | I4: =IF(OR(G4="",H4=""),"",G4*H4) -> 12 | J4: =IF(I4="","",IF(I4>=15,"Critical",IF(I4>=10,"High",IF(I4>=5,"Medium","Low")))) -> High | K4: Install 3 cameras on docks 4-6 with 30-day retention | L4: Security Manager | M4: 46295 | N4: Open | O4: 2 | P4: 3 | Q4: =IF(OR(O4="",P4=""),"",O4*P4) -> 6 | R4: =IF(Q4="","",IF(Q4>=15,"Critical",IF(Q4>=10,"High",IF(Q4>=5,"Medium","Low")))) -> Medium | S4: =IF(OR(I4="",Q4=""),"",1-Q4/I4) -> 0.5 | T4: =IF(AND(M4<>"",M4<'Read Me'!$C$5,N4<>"Done"),"Yes","") -> Yes
A5: R04 | B5: Physical Security | C5: Access card sharing and tailgating at staff entrance | D5: Single swing door with no turnstile | E5: Unauthorized persons inside operational areas | F5: Access cards issued to all staff | G5: 4 | H5: 3 | I5: =IF(OR(G5="",H5=""),"",G5*H5) -> 12 | J5: =IF(I5="","",IF(I5>=15,"Critical",IF(I5>=10,"High",IF(I5>=5,"Medium","Low")))) -> High | K5: Install turnstiles and run a monthly access card audit | L5: Security Manager | M5: 46371 | N5: In progress | O5: 2 | P5: 2 | Q5: =IF(OR(O5="",P5=""),"",O5*P5) -> 4 | R5: =IF(Q5="","",IF(Q5>=15,"Critical",IF(Q5>=10,"High",IF(Q5>=5,"Medium","Low")))) -> Low | S5: =IF(OR(I5="",Q5=""),"",1-Q5/I5) -> 0.66666667 | T5: =IF(AND(M5<>"",M5<'Read Me'!$C$5,N5<>"Done"),"Yes","")
A6: R05 | B6: Fleet & Transport | C6: Cargo theft or hijack during night transit | D6: Night runs on remote routes with long stops | E6: Loss of cargo and risk to driver safety | F6: GPS tracking on all trucks | G6: 3 | H6: 5 | I6: =IF(OR(G6="",H6=""),"",G6*H6) -> 15 | J6: =IF(I6="","",IF(I6>=15,"Critical",IF(I6>=10,"High",IF(I6>=5,"Medium","Low")))) -> Critical | K6: Journey management plan with no-stop zones; 60-minute check-in calls; panic button | L6: Fleet Manager | M6: 46327 | N6: In progress | O6: 1 | P6: 5 | Q6: =IF(OR(O6="",P6=""),"",O6*P6) -> 5 | R6: =IF(Q6="","",IF(Q6>=15,"Critical",IF(Q6>=10,"High",IF(Q6>=5,"Medium","Low")))) -> Medium | S6: =IF(OR(I6="",Q6=""),"",1-Q6/I6) -> 0.66666667 | T6: =IF(AND(M6<>"",M6<'Read Me'!$C$5,N6<>"Done"),"Yes","")
A7: R06 | B7: Fleet & Transport | C7: Driver fatigue on long-haul routes | D7: Back-to-back shifts and no rest rules | E7: Road traffic accident | F7: Verbal briefing before trips | G7: 4 | H7: 4 | I7: =IF(OR(G7="",H7=""),"",G7*H7) -> 16 | J7: =IF(I7="","",IF(I7>=15,"Critical",IF(I7>=10,"High",IF(I7>=5,"Medium","Low")))) -> Critical | K7: Set maximum driving hours and mandatory rest stops; fatigue checks at dispatch | L7: Fleet Manager | M7: 46280 | N7: Done | O7: 2 | P7: 4 | Q7: =IF(OR(O7="",P7=""),"",O7*P7) -> 8 | R7: =IF(Q7="","",IF(Q7>=15,"Critical",IF(Q7>=10,"High",IF(Q7>=5,"Medium","Low")))) -> Medium | S7: =IF(OR(I7="",Q7=""),"",1-Q7/I7) -> 0.5 | T7: =IF(AND(M7<>"",M7<'Read Me'!$C$5,N7<>"Done"),"Yes","")
A8: R07 | B8: Fleet & Transport | C8: Vehicle breakdown from missed preventive maintenance | D8: Service planned by date only and repeat faults not tracked | E8: Missed deliveries and higher repair cost | F8: Annual service contract | G8: 4 | H8: 3 | I8: =IF(OR(G8="",H8=""),"",G8*H8) -> 12 | J8: =IF(I8="","",IF(I8>=15,"Critical",IF(I8>=10,"High",IF(I8>=5,"Medium","Low")))) -> High | K8: PM schedule by kilometres and engine hours; repeat-fault tracking log | L8: Fleet Maintenance Lead | M8: 46265 | N8: Done | O8: 2 | P8: 3 | Q8: =IF(OR(O8="",P8=""),"",O8*P8) -> 6 | R8: =IF(Q8="","",IF(Q8>=15,"Critical",IF(Q8>=10,"High",IF(Q8>=5,"Medium","Low")))) -> Medium | S8: =IF(OR(I8="",Q8=""),"",1-Q8/I8) -> 0.5 | T8: =IF(AND(M8<>"",M8<'Read Me'!$C$5,N8<>"Done"),"Yes","")
A9: R08 | B9: Fleet & Transport | C9: Fuel misuse or fraud | D9: Shared fuel cards and no per-vehicle consumption review | E9: Higher fuel cost and budget overrun | F9: Monthly fuel invoice check | G9: 3 | H9: 3 | I9: =IF(OR(G9="",H9=""),"",G9*H9) -> 9 | J9: =IF(I9="","",IF(I9>=15,"Critical",IF(I9>=10,"High",IF(I9>=5,"Medium","Low")))) -> Medium | K9: Individual fuel cards and a monthly per-vehicle variance report | L9: Fleet Manager | M9: 46356 | N9: In progress | O9: 2 | P9: 2 | Q9: =IF(OR(O9="",P9=""),"",O9*P9) -> 4 | R9: =IF(Q9="","",IF(Q9>=15,"Critical",IF(Q9>=10,"High",IF(Q9>=5,"Medium","Low")))) -> Low | S9: =IF(OR(I9="",Q9=""),"",1-Q9/I9) -> 0.55555556 | T9: =IF(AND(M9<>"",M9<'Read Me'!$C$5,N9<>"Done"),"Yes","")
A10: R09 | B10: Warehouse & Inventory | C10: Insider theft of high-value stock | D10: High-value items stored in open racking | E10: Financial loss and client claims | F10: CCTV at dock doors | G10: 3 | H10: 4 | I10: =IF(OR(G10="",H10=""),"",G10*H10) -> 12 | J10: =IF(I10="","",IF(I10>=15,"Critical",IF(I10>=10,"High",IF(I10>=5,"Medium","Low")))) -> High | K10: High-value cage with two-person rule; weekly cycle counts | L10: Warehouse Manager | M10: 46357 | N10: In progress | O10: 2 | P10: 3 | Q10: =IF(OR(O10="",P10=""),"",O10*P10) -> 6 | R10: =IF(Q10="","",IF(Q10>=15,"Critical",IF(Q10>=10,"High",IF(Q10>=5,"Medium","Low")))) -> Medium | S10: =IF(OR(I10="",Q10=""),"",1-Q10/I10) -> 0.5 | T10: =IF(AND(M10<>"",M10<'Read Me'!$C$5,N10<>"Done"),"Yes","")
A11: R10 | B11: Warehouse & Inventory | C11: Expired stock issued to clients | D11: FEFO rule not enforced at picking | E11: Client rejection and penalties | F11: Quarterly expiry check | G11: 3 | H11: 3 | I11: =IF(OR(G11="",H11=""),"",G11*H11) -> 9 | J11: =IF(I11="","",IF(I11>=15,"Critical",IF(I11>=10,"High",IF(I11>=5,"Medium","Low")))) -> Medium | K11: FEFO picking rule in the WMS with 60-day expiry alerts | L11: Inventory Controller | M11: 46266 | N11: Done | O11: 1 | P11: 3 | Q11: =IF(OR(O11="",P11=""),"",O11*P11) -> 3 | R11: =IF(Q11="","",IF(Q11>=15,"Critical",IF(Q11>=10,"High",IF(Q11>=5,"Medium","Low")))) -> Low | S11: =IF(OR(I11="",Q11=""),"",1-Q11/I11) -> 0.66666667 | T11: =IF(AND(M11<>"",M11<'Read Me'!$C$5,N11<>"Done"),"Yes","")
A12: R11 | B12: Warehouse & Inventory | C12: Forklift and pedestrian collision | D12: Shared aisles and no speed limits | E12: Serious injury and operations stoppage | F12: Forklift licence required | G12: 3 | H12: 5 | I12: =IF(OR(G12="",H12=""),"",G12*H12) -> 15 | J12: =IF(I12="","",IF(I12>=15,"Critical",IF(I12>=10,"High",IF(I12>=5,"Medium","Low")))) -> Critical | K12: Segregated walkways; 8 km/h limit; blue warning lights; refresher training | L12: HSE Officer | M12: 46336 | N12: In progress | O12: 1 | P12: 5 | Q12: =IF(OR(O12="",P12=""),"",O12*P12) -> 5 | R12: =IF(Q12="","",IF(Q12>=15,"Critical",IF(Q12>=10,"High",IF(Q12>=5,"Medium","Low")))) -> Medium | S12: =IF(OR(I12="",Q12=""),"",1-Q12/I12) -> 0.66666667 | T12: =IF(AND(M12<>"",M12<'Read Me'!$C$5,N12<>"Done"),"Yes","")
A13: R12 | B13: Fire & Life Safety | C13: Fire in battery charging area | D13: Chargers close to stored packaging | E13: Fire spread and site closure | F13: Portable extinguishers | G13: 2 | H13: 5 | I13: =IF(OR(G13="",H13=""),"",G13*H13) -> 10 | J13: =IF(I13="","",IF(I13>=15,"Critical",IF(I13>=10,"High",IF(I13>=5,"Medium","Low")))) -> High | K13: Thermal detection; 2 m separation zone; monthly charger inspection | L13: HSE Officer | M13: 46326 | N13: Open | O13: 1 | P13: 5 | Q13: =IF(OR(O13="",P13=""),"",O13*P13) -> 5 | R13: =IF(Q13="","",IF(Q13>=15,"Critical",IF(Q13>=10,"High",IF(Q13>=5,"Medium","Low")))) -> Medium | S13: =IF(OR(I13="",Q13=""),"",1-Q13/I13) -> 0.5 | T13: =IF(AND(M13<>"",M13<'Read Me'!$C$5,N13<>"Done"),"Yes","")
... A21: R20 | B21: Business Continuity | C21: Road closures disrupt deliveries | D21: Single route to main clients | E21: Late deliveries and penalties | F21: Ad-hoc rerouting by drivers | G21: 2 | H21: 4 | I21: =IF(OR(G21="",H21=""),"",G21*H21) -> 8 | J21: =IF(I21="","",IF(I21>=15,"Critical",IF(I21>=10,"High",IF(I21>=5,"Medium","Low")))) -> Medium | K21: Pre-approved alternate routes and a client notification protocol | L21: Operations Manager | M21: 46387 | N21: Open | O21: 2 | P21: 3 | Q21: =IF(OR(O21="",P21=""),"",O21*P21) -> 6 | R21: =IF(Q21="","",IF(Q21>=15,"Critical",IF(Q21>=10,"High",IF(Q21>=5,"Medium","Low")))) -> Medium | S21: =IF(OR(I21="",Q21=""),"",1-Q21/I21) -> 0.25 | T21: =IF(AND(M21<>"",M21<'Read Me'!$C$5,N21<>"Done"),"Yes","")
I22: =IF(OR(G22="",H22=""),"",G22*H22) | J22: =IF(I22="","",IF(I22>=15,"Critical",IF(I22>=10,"High",IF(I22>=5,"Medium","Low")))) | Q22: =IF(OR(O22="",P22=""),"",O22*P22) | R22: =IF(Q22="","",IF(Q22>=15,"Critical",IF(Q22>=10,"High",IF(Q22>=5,"Medium","Low")))) | S22: =IF(OR(I22="",Q22=""),"",1-Q22/I22) | T22: =IF(AND(M22<>"",M22<'Read Me'!$C$5,N22<>"Done"),"Yes","")
I23: =IF(OR(G23="",H23=""),"",G23*H23) | J23: =IF(I23="","",IF(I23>=15,"Critical",IF(I23>=10,"High",IF(I23>=5,"Medium","Low")))) | Q23: =IF(OR(O23="",P23=""),"",O23*P23) | R23: =IF(Q23="","",IF(Q23>=15,"Critical",IF(Q23>=10,"High",IF(Q23>=5,"Medium","Low")))) | S23: =IF(OR(I23="",Q23=""),"",1-Q23/I23) | T23: =IF(AND(M23<>"",M23<'Read Me'!$C$5,N23<>"Done"),"Yes","")
I24: =IF(OR(G24="",H24=""),"",G24*H24) | J24: =IF(I24="","",IF(I24>=15,"Critical",IF(I24>=10,"High",IF(I24>=5,"Medium","Low")))) | Q24: =IF(OR(O24="",P24=""),"",O24*P24) | R24: =IF(Q24="","",IF(Q24>=15,"Critical",IF(Q24>=10,"High",IF(Q24>=5,"Medium","Low")))) | S24: =IF(OR(I24="",Q24=""),"",1-Q24/I24) | T24: =IF(AND(M24<>"",M24<'Read Me'!$C$5,N24<>"Done"),"Yes","")
I25: =IF(OR(G25="",H25=""),"",G25*H25) | J25: =IF(I25="","",IF(I25>=15,"Critical",IF(I25>=10,"High",IF(I25>=5,"Medium","Low")))) | Q25: =IF(OR(O25="",P25=""),"",O25*P25) | R25: =IF(Q25="","",IF(Q25>=15,"Critical",IF(Q25>=10,"High",IF(Q25>=5,"Medium","Low")))) | S25: =IF(OR(I25="",Q25=""),"",1-Q25/I25) | T25: =IF(AND(M25<>"",M25<'Read Me'!$C$5,N25<>"Done"),"Yes","")
I26: =IF(OR(G26="",H26=""),"",G26*H26) | J26: =IF(I26="","",IF(I26>=15,"Critical",IF(I26>=10,"High",IF(I26>=5,"Medium","Low")))) | Q26: =IF(OR(O26="",P26=""),"",O26*P26) | R26: =IF(Q26="","",IF(Q26>=15,"Critical",IF(Q26>=10,"High",IF(Q26>=5,"Medium","Low")))) | S26: =IF(OR(I26="",Q26=""),"",1-Q26/I26) | T26: =IF(AND(M26<>"",M26<'Read Me'!$C$5,N26<>"Done"),"Yes","")
I27: =IF(OR(G27="",H27=""),"",G27*H27) | J27: =IF(I27="","",IF(I27>=15,"Critical",IF(I27>=10,"High",IF(I27>=5,"Medium","Low")))) | Q27: =IF(OR(O27="",P27=""),"",O27*P27) | R27: =IF(Q27="","",IF(Q27>=15,"Critical",IF(Q27>=10,"High",IF(Q27>=5,"Medium","Low")))) | S27: =IF(OR(I27="",Q27=""),"",1-Q27/I27) | T27: =IF(AND(M27<>"",M27<'Read Me'!$C$5,N27<>"Done"),"Yes","")
I28: =IF(OR(G28="",H28=""),"",G28*H28) | J28: =IF(I28="","",IF(I28>=15,"Critical",IF(I28>=10,"High",IF(I28>=5,"Medium","Low")))) | Q28: =IF(OR(O28="",P28=""),"",O28*P28) | R28: =IF(Q28="","",IF(Q28>=15,"Critical",IF(Q28>=10,"High",IF(Q28>=5,"Medium","Low")))) | S28: =IF(OR(I28="",Q28=""),"",1-Q28/I28) | T28: =IF(AND(M28<>"",M28<'Read Me'!$C$5,N28<>"Done"),"Yes","")
I29: =IF(OR(G29="",H29=""),"",G29*H29) | J29: =IF(I29="","",IF(I29>=15,"Critical",IF(I29>=10,"High",IF(I29>=5,"Medium","Low")))) | Q29: =IF(OR(O29="",P29=""),"",O29*P29) | R29: =IF(Q29="","",IF(Q29>=15,"Critical",IF(Q29>=10,"High",IF(Q29>=5,"Medium","Low")))) | S29: =IF(OR(I29="",Q29=""),"",1-Q29/I29) | T29: =IF(AND(M29<>"",M29<'Read Me'!$C$5,N29<>"Done"),"Yes","")
I30: =IF(OR(G30="",H30=""),"",G30*H30) | J30: =IF(I30="","",IF(I30>=15,"Critical",IF(I30>=10,"High",IF(I30>=5,"Medium","Low")))) | Q30: =IF(OR(O30="",P30=""),"",O30*P30) | R30: =IF(Q30="","",IF(Q30>=15,"Critical",IF(Q30>=10,"High",IF(Q30>=5,"Medium","Low")))) | S30: =IF(OR(I30="",Q30=""),"",1-Q30/I30) | T30: =IF(AND(M30<>"",M30<'Read Me'!$C$5,N30<>"Done"),"Yes","")
I31: =IF(OR(G31="",H31=""),"",G31*H31) | J31: =IF(I31="","",IF(I31>=15,"Critical",IF(I31>=10,"High",IF(I31>=5,"Medium","Low")))) | Q31: =IF(OR(O31="",P31=""),"",O31*P31) | R31: =IF(Q31="","",IF(Q31>=15,"Critical",IF(Q31>=10,"High",IF(Q31>=5,"Medium","Low")))) | S31: =IF(OR(I31="",Q31=""),"",1-Q31/I31) | T31: =IF(AND(M31<>"",M31<'Read Me'!$C$5,N31<>"Done"),"Yes","")

Sheet Heat Map
B2: Risk heat map
B3: Number of risks in each likelihood x impact cell. Updates from the Risk Register tab.
B5: Inherent (before controls) | I5: Residual (after mitigation)
B6: Likelihood | I6: Likelihood
B7: 5 | C7: =IF(COUNTIFS('Risk Register'!$G$2:$G$31,5,'Risk Register'!$H$2:$H$31,1)=0,"",COUNTIFS('Risk Register'!$G$2:$G$31,5,'Risk Register'!$H$2:$H$31,1)) | D7: =IF(COUNTIFS('Risk Register'!$G$2:$G$31,5,'Risk Register'!$H$2:$H$31,2)=0,"",COUNTIFS('Risk Register'!$G$2:$G$31,5,'Risk Register'!$H$2:$H$31,2)) | E7: =IF(COUNTIFS('Risk Register'!$G$2:$G$31,5,'Risk Register'!$H$2:$H$31,3)=0,"",COUNTIFS('Risk Register'!$G$2:$G$31,5,'Risk Register'!$H$2:$H$31,3)) | F7: =IF(COUNTIFS('Risk Register'!$G$2:$G$31,5,'Risk Register'!$H$2:$H$31,4)=0,"",COUNTIFS('Risk Register'!$G$2:$G$31,5,'Risk Register'!$H$2:$H$31,4)) | G7: =IF(COUNTIFS('Risk Register'!$G$2:$G$31,5,'Risk Register'!$H$2:$H$31,5)=0,"",COUNTIFS('Risk Register'!$G$2:$G$31,5,'Risk Register'!$H$2:$H$31,5)) | I7: 5 | J7: =IF(COUNTIFS('Risk Register'!$O$2:$O$31,5,'Risk Register'!$P$2:$P$31,1)=0,"",COUNTIFS('Risk Register'!$O$2:$O$31,5,'Risk Register'!$P$2:$P$31,1)) | K7: =IF(COUNTIFS('Risk Register'!$O$2:$O$31,5,'Risk Register'!$P$2:$P$31,2)=0,"",COUNTIFS('Risk Register'!$O$2:$O$31,5,'Risk Register'!$P$2:$P$31,2)) | L7: =IF(COUNTIFS('Risk Register'!$O$2:$O$31,5,'Risk Register'!$P$2:$P$31,3)=0,"",COUNTIFS('Risk Register'!$O$2:$O$31,5,'Risk Register'!$P$2:$P$31,3)) | M7: =IF(COUNTIFS('Risk Register'!$O$2:$O$31,5,'Risk Register'!$P$2:$P$31,4)=0,"",COUNTIFS('Risk Register'!$O$2:$O$31,5,'Risk Register'!$P$2:$P$31,4)) | N7: =IF(COUNTIFS('Risk Register'!$O$2:$O$31,5,'Risk Register'!$P$2:$P$31,5)=0,"",COUNTIFS('Risk Register'!$O$2:$O$31,5,'Risk Register'!$P$2:$P$31,5))
B8: 4 | C8: =IF(COUNTIFS('Risk Register'!$G$2:$G$31,4,'Risk Register'!$H$2:$H$31,1)=0,"",COUNTIFS('Risk Register'!$G$2:$G$31,4,'Risk Register'!$H$2:$H$31,1)) | D8: =IF(COUNTIFS('Risk Register'!$G$2:$G$31,4,'Risk Register'!$H$2:$H$31,2)=0,"",COUNTIFS('Risk Register'!$G$2:$G$31,4,'Risk Register'!$H$2:$H$31,2)) | E8: =IF(COUNTIFS('Risk Register'!$G$2:$G$31,4,'Risk Register'!$H$2:$H$31,3)=0,"",COUNTIFS('Risk Register'!$G$2:$G$31,4,'Risk Register'!$H$2:$H$31,3)) -> 4 | F8: =IF(COUNTIFS('Risk Register'!$G$2:$G$31,4,'Risk Register'!$H$2:$H$31,4)=0,"",COUNTIFS('Risk Register'!$G$2:$G$31,4,'Risk Register'!$H$2:$H$31,4)) -> 2 | G8: =IF(COUNTIFS('Risk Register'!$G$2:$G$31,4,'Risk Register'!$H$2:$H$31,5)=0,"",COUNTIFS('Risk Register'!$G$2:$G$31,4,'Risk Register'!$H$2:$H$31,5)) | I8: 4 | J8: =IF(COUNTIFS('Risk Register'!$O$2:$O$31,4,'Risk Register'!$P$2:$P$31,1)=0,"",COUNTIFS('Risk Register'!$O$2:$O$31,4,'Risk Register'!$P$2:$P$31,1)) | K8: =IF(COUNTIFS('Risk Register'!$O$2:$O$31,4,'Risk Register'!$P$2:$P$31,2)=0,"",COUNTIFS('Risk Register'!$O$2:$O$31,4,'Risk Register'!$P$2:$P$31,2)) | L8: =IF(COUNTIFS('Risk Register'!$O$2:$O$31,4,'Risk Register'!$P$2:$P$31,3)=0,"",COUNTIFS('Risk Register'!$O$2:$O$31,4,'Risk Register'!$P$2:$P$31,3)) | M8: =IF(COUNTIFS('Risk Register'!$O$2:$O$31,4,'Risk Register'!$P$2:$P$31,4)=0,"",COUNTIFS('Risk Register'!$O$2:$O$31,4,'Risk Register'!$P$2:$P$31,4)) | N8: =IF(COUNTIFS('Risk Register'!$O$2:$O$31,4,'Risk Register'!$P$2:$P$31,5)=0,"",COUNTIFS('Risk Register'!$O$2:$O$31,4,'Risk Register'!$P$2:$P$31,5))
B9: 3 | C9: =IF(COUNTIFS('Risk Register'!$G$2:$G$31,3,'Risk Register'!$H$2:$H$31,1)=0,"",COUNTIFS('Risk Register'!$G$2:$G$31,3,'Risk Register'!$H$2:$H$31,1)) | D9: =IF(COUNTIFS('Risk Register'!$G$2:$G$31,3,'Risk Register'!$H$2:$H$31,2)=0,"",COUNTIFS('Risk Register'!$G$2:$G$31,3,'Risk Register'!$H$2:$H$31,2)) | E9: =IF(COUNTIFS('Risk Register'!$G$2:$G$31,3,'Risk Register'!$H$2:$H$31,3)=0,"",COUNTIFS('Risk Register'!$G$2:$G$31,3,'Risk Register'!$H$2:$H$31,3)) -> 2 | F9: =IF(COUNTIFS('Risk Register'!$G$2:$G$31,3,'Risk Register'!$H$2:$H$31,4)=0,"",COUNTIFS('Risk Register'!$G$2:$G$31,3,'Risk Register'!$H$2:$H$31,4)) -> 6 | G9: =IF(COUNTIFS('Risk Register'!$G$2:$G$31,3,'Risk Register'!$H$2:$H$31,5)=0,"",COUNTIFS('Risk Register'!$G$2:$G$31,3,'Risk Register'!$H$2:$H$31,5)) -> 2 | I9: 3 | J9: =IF(COUNTIFS('Risk Register'!$O$2:$O$31,3,'Risk Register'!$P$2:$P$31,1)=0,"",COUNTIFS('Risk Register'!$O$2:$O$31,3,'Risk Register'!$P$2:$P$31,1)) | K9: =IF(COUNTIFS('Risk Register'!$O$2:$O$31,3,'Risk Register'!$P$2:$P$31,2)=0,"",COUNTIFS('Risk Register'!$O$2:$O$31,3,'Risk Register'!$P$2:$P$31,2)) | L9: =IF(COUNTIFS('Risk Register'!$O$2:$O$31,3,'Risk Register'!$P$2:$P$31,3)=0,"",COUNTIFS('Risk Register'!$O$2:$O$31,3,'Risk Register'!$P$2:$P$31,3)) | M9: =IF(COUNTIFS('Risk Register'!$O$2:$O$31,3,'Risk Register'!$P$2:$P$31,4)=0,"",COUNTIFS('Risk Register'!$O$2:$O$31,3,'Risk Register'!$P$2:$P$31,4)) -> 1 | N9: =IF(COUNTIFS('Risk Register'!$O$2:$O$31,3,'Risk Register'!$P$2:$P$31,5)=0,"",COUNTIFS('Risk Register'!$O$2:$O$31,3,'Risk Register'!$P$2:$P$31,5))
B10: 2 | C10: =IF(COUNTIFS('Risk Register'!$G$2:$G$31,2,'Risk Register'!$H$2:$H$31,1)=0,"",COUNTIFS('Risk Register'!$G$2:$G$31,2,'Risk Register'!$H$2:$H$31,1)) | D10: =IF(COUNTIFS('Risk Register'!$G$2:$G$31,2,'Risk Register'!$H$2:$H$31,2)=0,"",COUNTIFS('Risk Register'!$G$2:$G$31,2,'Risk Register'!$H$2:$H$31,2)) | E10: =IF(COUNTIFS('Risk Register'!$G$2:$G$31,2,'Risk Register'!$H$2:$H$31,3)=0,"",COUNTIFS('Risk Register'!$G$2:$G$31,2,'Risk Register'!$H$2:$H$31,3)) -> 1 | F10: =IF(COUNTIFS('Risk Register'!$G$2:$G$31,2,'Risk Register'!$H$2:$H$31,4)=0,"",COUNTIFS('Risk Register'!$G$2:$G$31,2,'Risk Register'!$H$2:$H$31,4)) -> 2 | G10: =IF(COUNTIFS('Risk Register'!$G$2:$G$31,2,'Risk Register'!$H$2:$H$31,5)=0,"",COUNTIFS('Risk Register'!$G$2:$G$31,2,'Risk Register'!$H$2:$H$31,5)) -> 1 | I10: 2 | J10: =IF(COUNTIFS('Risk Register'!$O$2:$O$31,2,'Risk Register'!$P$2:$P$31,1)=0,"",COUNTIFS('Risk Register'!$O$2:$O$31,2,'Risk Register'!$P$2:$P$31,1)) | K10: =IF(COUNTIFS('Risk Register'!$O$2:$O$31,2,'Risk Register'!$P$2:$P$31,2)=0,"",COUNTIFS('Risk Register'!$O$2:$O$31,2,'Risk Register'!$P$2:$P$31,2)) -> 2 | L10: =IF(COUNTIFS('Risk Register'!$O$2:$O$31,2,'Risk Register'!$P$2:$P$31,3)=0,"",COUNTIFS('Risk Register'!$O$2:$O$31,2,'Risk Register'!$P$2:$P$31,3)) -> 7 | M10: =IF(COUNTIFS('Risk Register'!$O$2:$O$31,2,'Risk Register'!$P$2:$P$31,4)=0,"",COUNTIFS('Risk Register'!$O$2:$O$31,2,'Risk Register'!$P$2:$P$31,4)) -> 1 | N10: =IF(COUNTIFS('Risk Register'!$O$2:$O$31,2,'Risk Register'!$P$2:$P$31,5)=0,"",COUNTIFS('Risk Register'!$O$2:$O$31,2,'Risk Register'!$P$2:$P$31,5))
B11: 1 | C11: =IF(COUNTIFS('Risk Register'!$G$2:$G$31,1,'Risk Register'!$H$2:$H$31,1)=0,"",COUNTIFS('Risk Register'!$G$2:$G$31,1,'Risk Register'!$H$2:$H$31,1)) | D11: =IF(COUNTIFS('Risk Register'!$G$2:$G$31,1,'Risk Register'!$H$2:$H$31,2)=0,"",COUNTIFS('Risk Register'!$G$2:$G$31,1,'Risk Register'!$H$2:$H$31,2)) | E11: =IF(COUNTIFS('Risk Register'!$G$2:$G$31,1,'Risk Register'!$H$2:$H$31,3)=0,"",COUNTIFS('Risk Register'!$G$2:$G$31,1,'Risk Register'!$H$2:$H$31,3)) | F11: =IF(COUNTIFS('Risk Register'!$G$2:$G$31,1,'Risk Register'!$H$2:$H$31,4)=0,"",COUNTIFS('Risk Register'!$G$2:$G$31,1,'Risk Register'!$H$2:$H$31,4)) | G11: =IF(COUNTIFS('Risk Register'!$G$2:$G$31,1,'Risk Register'!$H$2:$H$31,5)=0,"",COUNTIFS('Risk Register'!$G$2:$G$31,1,'Risk Register'!$H$2:$H$31,5)) | I11: 1 | J11: =IF(COUNTIFS('Risk Register'!$O$2:$O$31,1,'Risk Register'!$P$2:$P$31,1)=0,"",COUNTIFS('Risk Register'!$O$2:$O$31,1,'Risk Register'!$P$2:$P$31,1)) | K11: =IF(COUNTIFS('Risk Register'!$O$2:$O$31,1,'Risk Register'!$P$2:$P$31,2)=0,"",COUNTIFS('Risk Register'!$O$2:$O$31,1,'Risk Register'!$P$2:$P$31,2)) | L11: =IF(COUNTIFS('Risk Register'!$O$2:$O$31,1,'Risk Register'!$P$2:$P$31,3)=0,"",COUNTIFS('Risk Register'!$O$2:$O$31,1,'Risk Register'!$P$2:$P$31,3)) -> 3 | M11: =IF(COUNTIFS('Risk Register'!$O$2:$O$31,1,'Risk Register'!$P$2:$P$31,4)=0,"",COUNTIFS('Risk Register'!$O$2:$O$31,1,'Risk Register'!$P$2:$P$31,4)) -> 3 | N11: =IF(COUNTIFS('Risk Register'!$O$2:$O$31,1,'Risk Register'!$P$2:$P$31,5)=0,"",COUNTIFS('Risk Register'!$O$2:$O$31,1,'Risk Register'!$P$2:$P$31,5)) -> 3
C12: 1 | D12: 2 | E12: 3 | F12: 4 | G12: 5 | J12: 1 | K12: 2 | L12: 3 | M12: 4 | N12: 5
C13: Impact | J13: Impact
C15: Low 1 to 4 | E15: Medium 5 to 9 | G15: High 10 to 14 | I15: Critical 15 to 25

Sheet Summary
B2: Risk summary
B3: ="As of "&TEXT('Read Me'!C5,"dd mmm yyyy") -> As of 01 Oct 2026
B5: Headline
B6: Measure | C6: Value
B7: Risks assessed | C7: =COUNTA('Risk Register'!$A$2:$A$31) -> 20
B8: Average inherent score | C8: =IFERROR(AVERAGE('Risk Register'!$I$2:$I$31),0) -> 11.6
B9: Average residual score | C9: =IFERROR(AVERAGE('Risk Register'!$Q$2:$Q$31),0) -> 5.3
B10: Overall risk reduction | C10: =IFERROR(1-SUM('Risk Register'!$Q$2:$Q$31)/SUM('Risk Register'!$I$2:$I$31),0) -> 0.54310345
B11: Overdue actions | C11: =COUNTIF('Risk Register'!$T$2:$T$31,"Yes") -> 2
B13: Risks by rating
B14: Rating | C14: Inherent | D14: Residual
B15: Low | C15: =COUNTIF('Risk Register'!$J$2:$J$31,B15) -> 0 | D15: =COUNTIF('Risk Register'!$R$2:$R$31,B15) -> 8
B16: Medium | C16: =COUNTIF('Risk Register'!$J$2:$J$31,B16) -> 5 | D16: =COUNTIF('Risk Register'!$R$2:$R$31,B16) -> 11
B17: High | C17: =COUNTIF('Risk Register'!$J$2:$J$31,B17) -> 11 | D17: =COUNTIF('Risk Register'!$R$2:$R$31,B17) -> 1
B18: Critical | C18: =COUNTIF('Risk Register'!$J$2:$J$31,B18) -> 4 | D18: =COUNTIF('Risk Register'!$R$2:$R$31,B18) -> 0
B19: Total | C19: =SUM(C15:C18) -> 20 | D19: =SUM(D15:D18) -> 20
B21: By category
B22: Category | C22: Risks | D22: Avg inherent | E22: Avg residual | F22: Reduction
B23: Business Continuity | C23: =COUNTIF('Risk Register'!$B$2:$B$31,B23) -> 2 | D23: =IFERROR(AVERAGEIF('Risk Register'!$B$2:$B$31,B23,'Risk Register'!$I$2:$I$31),0) -> 10 | E23: =IFERROR(AVERAGEIF('Risk Register'!$B$2:$B$31,B23,'Risk Register'!$Q$2:$Q$31),0) -> 5 | F23: =IFERROR(1-E23/D23,0) -> 0.5
B24: Fire & Life Safety | C24: =COUNTIF('Risk Register'!$B$2:$B$31,B24) -> 3 | D24: =IFERROR(AVERAGEIF('Risk Register'!$B$2:$B$31,B24,'Risk Register'!$I$2:$I$31),0) -> 11.333333 | E24: =IFERROR(AVERAGEIF('Risk Register'!$B$2:$B$31,B24,'Risk Register'!$Q$2:$Q$31),0) -> 5 | F24: =IFERROR(1-E24/D24,0) -> 0.55882353
B25: Fleet & Transport | C25: =COUNTIF('Risk Register'!$B$2:$B$31,B25) -> 4 | D25: =IFERROR(AVERAGEIF('Risk Register'!$B$2:$B$31,B25,'Risk Register'!$I$2:$I$31),0) -> 13 | E25: =IFERROR(AVERAGEIF('Risk Register'!$B$2:$B$31,B25,'Risk Register'!$Q$2:$Q$31),0) -> 5.75 | F25: =IFERROR(1-E25/D25,0) -> 0.55769231
B26: Information Security | C26: =COUNTIF('Risk Register'!$B$2:$B$31,B26) -> 1 | D26: =IFERROR(AVERAGEIF('Risk Register'!$B$2:$B$31,B26,'Risk Register'!$I$2:$I$31),0) -> 12 | E26: =IFERROR(AVERAGEIF('Risk Register'!$B$2:$B$31,B26,'Risk Register'!$Q$2:$Q$31),0) -> 6 | F26: =IFERROR(1-E26/D26,0) -> 0.5
B27: People & Contractors | C27: =COUNTIF('Risk Register'!$B$2:$B$31,B27) -> 3 | D27: =IFERROR(AVERAGEIF('Risk Register'!$B$2:$B$31,B27,'Risk Register'!$I$2:$I$31),0) -> 8.6666667 | E27: =IFERROR(AVERAGEIF('Risk Register'!$B$2:$B$31,B27,'Risk Register'!$Q$2:$Q$31),0) -> 3.3333333 | F27: =IFERROR(1-E27/D27,0) -> 0.61538462
B28: Physical Security | C28: =COUNTIF('Risk Register'!$B$2:$B$31,B28) -> 4 | D28: =IFERROR(AVERAGEIF('Risk Register'!$B$2:$B$31,B28,'Risk Register'!$I$2:$I$31),0) -> 13 | E28: =IFERROR(AVERAGEIF('Risk Register'!$B$2:$B$31,B28,'Risk Register'!$Q$2:$Q$31),0) -> 7 | F28: =IFERROR(1-E28/D28,0) -> 0.46153846
B29: Warehouse & Inventory | C29: =COUNTIF('Risk Register'!$B$2:$B$31,B29) -> 3 | D29: =IFERROR(AVERAGEIF('Risk Register'!$B$2:$B$31,B29,'Risk Register'!$I$2:$I$31),0) -> 12 | E29: =IFERROR(AVERAGEIF('Risk Register'!$B$2:$B$31,B29,'Risk Register'!$Q$2:$Q$31),0) -> 4.6666667 | F29: =IFERROR(1-E29/D29,0) -> 0.61111111
B31: Mitigation status
B32: Status | C32: Count
B33: Open | C33: =COUNTIF('Risk Register'!$N$2:$N$31,B33) -> 8
B34: In progress | C34: =COUNTIF('Risk Register'!$N$2:$N$31,B34) -> 7
B35: Done | C35: =COUNTIF('Risk Register'!$N$2:$N$31,B35) -> 5
